iter	Logloss
0	0.3210617202
1	0.2867521281
2	0.2806758328
3	0.2787548985
4	0.2774861539
5	0.2770074323
6	0.2763732601
7	0.2762528121
8	0.2756678595
9	0.2753734223
