iter	Logloss
0	0.3253884712
1	0.2870771253
2	0.2803882601
3	0.2797150432
4	0.2788279756
5	0.2783819434
6	0.2778621225
7	0.2775776706
8	0.2788126309
9	0.2783765077
